cohort_week,cohort_size,week_number,active_users,retention_pct
2019-11-04 00:00:00,72661,0,72661,100.0
2019-11-04 00:00:00,72661,1,5981,8.23
2019-11-04 00:00:00,72661,2,4599,6.33
2019-11-04 00:00:00,72661,3,3801,5.23
2019-11-04 00:00:00,72661,4,2719,3.74
2019-11-04 00:00:00,72661,5,2380,3.28
2019-11-04 00:00:00,72661,6,2070,2.85
2019-11-04 00:00:00,72661,7,1572,2.16
2019-11-04 00:00:00,72661,8,1315,1.81
2019-11-04 00:00:00,72661,9,1711,2.35
2019-11-04 00:00:00,72661,10,1755,2.42
2019-11-04 00:00:00,72661,11,1744,2.4
2019-11-04 00:00:00,72661,12,1742,2.4
2019-11-04 00:00:00,72661,13,1527,2.1
2019-11-04 00:00:00,72661,14,1415,1.95
2019-11-04 00:00:00,72661,15,1337,1.84
2019-11-04 00:00:00,72661,16,1172,1.61
2019-11-11 00:00:00,68829,0,68829,100.0
2019-11-11 00:00:00,68829,1,6597,9.58
2019-11-11 00:00:00,68829,2,4401,6.39
2019-11-11 00:00:00,68829,3,2787,4.05
2019-11-11 00:00:00,68829,4,2446,3.55
2019-11-11 00:00:00,68829,5,2043,2.97
2019-11-11 00:00:00,68829,6,1563,2.27
2019-11-11 00:00:00,68829,7,1152,1.67
2019-11-11 00:00:00,68829,8,1466,2.13
2019-11-11 00:00:00,68829,9,1580,2.3
2019-11-11 00:00:00,68829,10,1506,2.19
2019-11-11 00:00:00,68829,11,1589,2.31
2019-11-11 00:00:00,68829,12,1439,2.09
2019-11-11 00:00:00,68829,13,1292,1.88
2019-11-11 00:00:00,68829,14,1167,1.7
2019-11-11 00:00:00,68829,15,1067,1.55
2019-11-18 00:00:00,77089,0,77089,100.0
2019-11-18 00:00:00,77089,1,7833,10.16
2019-11-18 00:00:00,77089,2,3790,4.92
2019-11-18 00:00:00,77089,3,3234,4.2
2019-11-18 00:00:00,77089,4,2438,3.16
2019-11-18 00:00:00,77089,5,1964,2.55
2019-11-18 00:00:00,77089,6,1355,1.76
2019-11-18 00:00:00,77089,7,1777,2.31
2019-11-18 00:00:00,77089,8,1893,2.46
2019-11-18 00:00:00,77089,9,1850,2.4
2019-11-18 00:00:00,77089,10,1866,2.42
2019-11-18 00:00:00,77089,11,1602,2.08
2019-11-18 00:00:00,77089,12,1496,1.94
2019-11-18 00:00:00,77089,13,1354,1.76
2019-11-18 00:00:00,77089,14,1257,1.63
2019-11-25 00:00:00,76454,0,76454,100.0
2019-11-25 00:00:00,76454,1,5743,7.51
2019-11-25 00:00:00,76454,2,3890,5.09
2019-11-25 00:00:00,76454,3,2804,3.67
2019-11-25 00:00:00,76454,4,2008,2.63
2019-11-25 00:00:00,76454,5,1434,1.88
2019-11-25 00:00:00,76454,6,1793,2.35
2019-11-25 00:00:00,76454,7,1886,2.47
2019-11-25 00:00:00,76454,8,1741,2.28
2019-11-25 00:00:00,76454,9,1769,2.31
2019-11-25 00:00:00,76454,10,1534,2.01
2019-11-25 00:00:00,76454,11,1361,1.78
2019-11-25 00:00:00,76454,12,1227,1.6
2019-11-25 00:00:00,76454,13,1123,1.47
2019-12-02 00:00:00,69336,0,69336,100.0
2019-12-02 00:00:00,69336,1,5552,8.01
2019-12-02 00:00:00,69336,2,3275,4.72
2019-12-02 00:00:00,69336,3,2103,3.03
2019-12-02 00:00:00,69336,4,1441,2.08
2019-12-02 00:00:00,69336,5,1643,2.37
2019-12-02 00:00:00,69336,6,1684,2.43
2019-12-02 00:00:00,69336,7,1513,2.18
2019-12-02 00:00:00,69336,8,1469,2.12
2019-12-02 00:00:00,69336,9,1318,1.9
2019-12-02 00:00:00,69336,10,1170,1.69
2019-12-02 00:00:00,69336,11,985,1.42
2019-12-02 00:00:00,69336,12,921,1.33
2019-12-09 00:00:00,72821,0,72821,100.0
2019-12-09 00:00:00,72821,1,5677,7.8
2019-12-09 00:00:00,72821,2,2949,4.05
2019-12-09 00:00:00,72821,3,1807,2.48
2019-12-09 00:00:00,72821,4,2007,2.76
2019-12-09 00:00:00,72821,5,2011,2.76
2019-12-09 00:00:00,72821,6,1711,2.35
2019-12-09 00:00:00,72821,7,1676,2.3
2019-12-09 00:00:00,72821,8,1442,1.98
2019-12-09 00:00:00,72821,9,1342,1.84
2019-12-09 00:00:00,72821,10,1169,1.61
2019-12-09 00:00:00,72821,11,960,1.32
2019-12-16 00:00:00,69582,0,69582,100.0
2019-12-16 00:00:00,69582,1,4849,6.97
2019-12-16 00:00:00,69582,2,2296,3.3
2019-12-16 00:00:00,69582,3,2305,3.31
2019-12-16 00:00:00,69582,4,2038,2.93
2019-12-16 00:00:00,69582,5,1801,2.59
2019-12-16 00:00:00,69582,6,1613,2.32
2019-12-16 00:00:00,69582,7,1498,2.15
2019-12-16 00:00:00,69582,8,1314,1.89
2019-12-16 00:00:00,69582,9,1103,1.59
2019-12-16 00:00:00,69582,10,1014,1.46
2019-12-23 00:00:00,65395,0,65395,100.0
2019-12-23 00:00:00,65395,1,3823,5.85
2019-12-23 00:00:00,65395,2,2863,4.38
2019-12-23 00:00:00,65395,3,2297,3.51
2019-12-23 00:00:00,65395,4,1869,2.86
2019-12-23 00:00:00,65395,5,1621,2.48
2019-12-23 00:00:00,65395,6,1369,2.09
2019-12-23 00:00:00,65395,7,1142,1.75
2019-12-23 00:00:00,65395,8,1063,1.63
2019-12-23 00:00:00,65395,9,884,1.35
2019-12-30 00:00:00,58103,0,58103,100.0
2019-12-30 00:00:00,58103,1,4871,8.38
2019-12-30 00:00:00,58103,2,2914,5.02
2019-12-30 00:00:00,58103,3,2220,3.82
2019-12-30 00:00:00,58103,4,1866,3.21
2019-12-30 00:00:00,58103,5,1477,2.54
2019-12-30 00:00:00,58103,6,1244,2.14
2019-12-30 00:00:00,58103,7,1096,1.89
2019-12-30 00:00:00,58103,8,921,1.59
2020-01-06 00:00:00,79331,0,79331,100.0
2020-01-06 00:00:00,79331,1,6449,8.13
2020-01-06 00:00:00,79331,2,4110,5.18
2020-01-06 00:00:00,79331,3,3491,4.4
2020-01-06 00:00:00,79331,4,2435,3.07
2020-01-06 00:00:00,79331,5,2019,2.55
2020-01-06 00:00:00,79331,6,1734,2.19
2020-01-06 00:00:00,79331,7,1463,1.84
2020-01-13 00:00:00,77258,0,77258,100.0
2020-01-13 00:00:00,77258,1,6327,8.19
2020-01-13 00:00:00,77258,2,4377,5.67
2020-01-13 00:00:00,77258,3,3048,3.95
2020-01-13 00:00:00,77258,4,2323,3.01
2020-01-13 00:00:00,77258,5,1951,2.53
2020-01-13 00:00:00,77258,6,1528,1.98
2020-01-20 00:00:00,70791,0,70791,100.0
2020-01-20 00:00:00,70791,1,6364,8.99
2020-01-20 00:00:00,70791,2,3765,5.32
2020-01-20 00:00:00,70791,3,2833,4.0
2020-01-20 00:00:00,70791,4,2127,3.0
2020-01-20 00:00:00,70791,5,1710,2.42
2020-01-27 00:00:00,80958,0,80958,100.0
2020-01-27 00:00:00,80958,1,6693,8.27
2020-01-27 00:00:00,80958,2,3886,4.8
2020-01-27 00:00:00,80958,3,2736,3.38
2020-01-27 00:00:00,80958,4,2218,2.74
2020-02-03 00:00:00,72535,0,72535,100.0
2020-02-03 00:00:00,72535,1,5838,8.05
2020-02-03 00:00:00,72535,2,3415,4.71
2020-02-03 00:00:00,72535,3,2484,3.42
2020-02-10 00:00:00,70384,0,70384,100.0
2020-02-10 00:00:00,70384,1,5318,7.56
2020-02-10 00:00:00,70384,2,2912,4.14
2020-02-17 00:00:00,67291,0,67291,100.0
2020-02-17 00:00:00,67291,1,4705,6.99
2020-02-24 00:00:00,61393,0,61393,100.0
